timestamp,pest_count,temperature,humidity,ppi,action,message
2026-05-15T14:11:24.377232,0,25.0,60.00002653589793,0.55,warning,WARNING: 0 pests detected (PPI=0.55). Monitor closely.
2026-05-15T14:40:53.696887,0,25.000000727167198,60.000022900061936,0.55,none,SAFE: 0 pests detected (PPI=0.55). No action needed.
2026-05-15T14:41:47.271769,0,25.000001017860697,60.00002144659445,0.55,none,SAFE: 0 pests detected (PPI=0.55). No action needed.
2026-05-16T09:16:51.217082,0,25.000001357725537,60.000019747270244,0.2,none,"SAFE: No pests detected. Environmental conditions: temp=25蚓, humidity=60%."
2026-05-16T09:17:11.174978,0,25.00000087201114,60.00002217584225,0.2,none,"SAFE: No pests detected. Environmental conditions: temp=25蚓, humidity=60%."
2026-05-16T09:30:56.110300,0,25.000000873051434,60.00002217064076,0.2,none,"SAFE: No pests detected. Environmental conditions: temp=25蚓, humidity=60%."
2026-05-16T09:35:08.718791,0,25.000001017687314,60.00002144746137,0.2,none,"SAFE: No pests detected. Environmental conditions: temp=25蚓, humidity=60%."
2026-05-16T22:09:04.310521,0,25.000624291304792,59.996902332990274,0.2,none,"SAFE: No pests detected. Environmental conditions: temp=25蚓, humidity=60%."
2026-05-16T22:09:31.148006,0,25.00452591034069,59.9773969716431,0.2,none,"SAFE: No pests detected. Environmental conditions: temp=25蚓, humidity=60%."
2026-05-16T22:10:01.077230,0,25.008872297303235,59.95566503056904,0.2,none,"SAFE: No pests detected. Environmental conditions: temp=25蚓, humidity=60%."
2026-05-16T22:10:31.233476,0,25.01326609527682,59.93369598004289,0.2,none,"SAFE: No pests detected. Environmental conditions: temp=25蚓, humidity=60%."
2026-05-16T22:20:34.881122,0,25.00050861624232,59.997480636175794,0.2,none,"SAFE: No pests detected. Environmental conditions: temp=25蚓, humidity=60%."
2026-05-16T22:21:02.357785,0,25.00450588274373,59.97749710893496,0.2,none,"SAFE: No pests detected. Environmental conditions: temp=25蚓, humidity=60%."
2026-05-16T22:21:32.419244,0,25.0088782418799,59.95563531167313,0.2,none,"SAFE: No pests detected. Environmental conditions: temp=25蚓, humidity=60%."
2026-05-16T22:22:02.527258,0,25.01325637024483,59.93374467334162,0.2,none,"SAFE: No pests detected. Environmental conditions: temp=25蚓, humidity=60%."
2026-05-16T22:22:32.466175,0,25.017610682951826,59.91197310658705,0.2,none,"SAFE: No pests detected. Environmental conditions: temp=25蚓, humidity=60%."
2026-05-16T22:23:02.432604,0,25.021967657702454,59.8901882256741,0.2,none,"SAFE: No pests detected. Environmental conditions: temp=25蚓, humidity=60%."
2026-05-17T23:38:49.748289,0,25.0000292954061,59.99987269651627,0.2,none,"SAFE: No pests detected. Environmental conditions: temp=25蚓, humidity=60%."
2026-05-17T23:39:10.703646,0,25.004368547621382,59.97818375819663,0.2,none,"SAFE: No pests detected. Environmental conditions: temp=25蚓, humidity=60%."
2026-05-17T23:39:40.794688,0,25.008731928900403,59.95636684276984,0.2,none,"SAFE: No pests detected. Environmental conditions: temp=25蚓, humidity=60%."
2026-05-17T23:40:11.689096,0,25.013179546552042,59.934128728355596,0.2,none,"SAFE: No pests detected. Environmental conditions: temp=25蚓, humidity=60%."
2026-05-17T23:40:41.924540,0,25.017528790995446,59.91238255528242,0.2,none,"SAFE: No pests detected. Environmental conditions: temp=25蚓, humidity=60%."
2026-05-17T23:41:11.623610,0,25.02192813665524,59.89038583386325,0.2,none,"SAFE: No pests detected. Environmental conditions: temp=25蚓, humidity=60%."
2026-05-17T23:41:42.015805,0,25.026291243941003,59.86857028113397,0.2,none,"SAFE: No pests detected. Environmental conditions: temp=25蚓, humidity=60%."
2026-05-17T23:42:11.411463,0,25.030655951975643,59.846746750885785,0.2,none,"SAFE: No pests detected. Environmental conditions: temp=25蚓, humidity=60%."
2026-05-17T23:42:41.431090,0,25.03501961359933,59.824928419801246,0.2,none,"SAFE: No pests detected. Environmental conditions: temp=25蚓, humidity=60%."
2026-05-17T23:43:11.634735,0,25.039390523791504,59.8030735153445,0.2,none,"SAFE: No pests detected. Environmental conditions: temp=25蚓, humidity=60%."
2026-05-17T23:43:41.562325,0,25.04375656577572,59.78124366149339,0.2,none,"SAFE: No pests detected. Environmental conditions: temp=25蚓, humidity=60%."
2026-05-17T23:44:12.149893,0,25.048140652792192,59.75932321484974,0.2,none,"SAFE: No pests detected. Environmental conditions: temp=25蚓, humidity=60%."
2026-05-17T23:44:41.945563,0,25.052508125085154,59.737485864235104,0.2,none,"SAFE: No pests detected. Environmental conditions: temp=25蚓, humidity=60%."
2026-05-17T23:45:11.679078,0,25.05686821743569,59.71568539500966,0.2,none,"SAFE: No pests detected. Environmental conditions: temp=25蚓, humidity=60%."
2026-05-17T23:45:41.760339,0,25.061233527769325,59.69385884787236,0.2,none,"SAFE: No pests detected. Environmental conditions: temp=25蚓, humidity=60%."
2026-05-17T23:46:11.715432,0,25.06559469668095,59.672053000614795,0.2,none,"SAFE: No pests detected. Environmental conditions: temp=25蚓, humidity=60%."
2026-05-17T23:46:41.722101,0,25.069956080972005,59.65024607598735,0.2,none,"SAFE: No pests detected. Environmental conditions: temp=25蚓, humidity=60%."
2026-05-17T23:47:11.719827,0,25.074316869266244,59.6284421308717,0.2,none,"SAFE: No pests detected. Environmental conditions: temp=25蚓, humidity=60%."
2026-05-17T23:47:42.262963,0,25.078685728517744,59.60659782252364,0.2,none,"SAFE: No pests detected. Environmental conditions: temp=25蚓, humidity=60%."
2026-05-17T23:48:12.095832,0,25.08304208494311,59.5848160560787,0.2,none,"SAFE: No pests detected. Environmental conditions: temp=25蚓, humidity=60%."
2026-05-17T23:48:41.917356,0,25.087405463127435,59.56299917481617,0.2,none,"SAFE: No pests detected. Environmental conditions: temp=25蚓, humidity=60%."
2026-05-17T23:49:12.474922,0,25.091772563834876,59.54116366504569,0.2,none,"SAFE: No pests detected. Environmental conditions: temp=25蚓, humidity=60%."
2026-05-17T23:49:42.194646,0,25.09613404244245,59.519356260802944,0.2,none,"SAFE: No pests detected. Environmental conditions: temp=25蚓, humidity=60%."
2026-05-17T23:50:12.197271,0,25.10050702989267,59.49749133818918,0.2,none,"SAFE: No pests detected. Environmental conditions: temp=25蚓, humidity=59%."
2026-05-17T23:56:56.841353,0,25.00005019582813,59.999771847580384,0.2,none,"SAFE: No pests detected. Environmental conditions: temp=25蚓, humidity=60%."
2026-05-17T23:57:01.687507,0,25.000755321104613,59.996249889801426,0.2,none,"SAFE: No pests detected. Environmental conditions: temp=25蚓, humidity=60%."
2026-05-17T23:57:06.691874,0,25.001483513154973,59.99260890058933,0.2,none,"SAFE: No pests detected. Environmental conditions: temp=25蚓, humidity=60%."
2026-05-17T23:57:12.478918,0,25.00230304869797,59.9885112757458,0.2,none,"SAFE: No pests detected. Environmental conditions: temp=25蚓, humidity=60%."
2026-05-17T23:57:17.627403,0,25.003040328927483,59.98482487458519,0.2,none,"SAFE: No pests detected. Environmental conditions: temp=25蚓, humidity=60%."
2026-05-17T23:57:22.456673,0,25.003761290856513,59.98122006648424,0.2,none,"SAFE: No pests detected. Environmental conditions: temp=25蚓, humidity=60%."
2026-05-17T23:57:27.435197,0,25.004493545032773,59.97755879367571,0.2,none,"SAFE: No pests detected. Environmental conditions: temp=25蚓, humidity=60%."
2026-05-17T23:57:32.629966,0,25.005236775430205,59.97384264322503,0.2,none,"SAFE: No pests detected. Environmental conditions: temp=25蚓, humidity=60%."
2026-05-17T23:57:38.435725,0,25.00599722276528,59.97004039663856,0.2,none,"SAFE: No pests detected. Environmental conditions: temp=25蚓, humidity=60%."
2026-05-17T23:57:42.754569,0,25.006718647623916,59.966433241106294,0.2,none,"SAFE: No pests detected. Environmental conditions: temp=25蚓, humidity=60%."
2026-05-17T23:57:48.222584,0,25.00745292504041,59.96276189386714,0.2,none,"SAFE: No pests detected. Environmental conditions: temp=25蚓, humidity=60%."
2026-05-17T23:57:52.842323,0,25.008189181605275,59.95908060042839,0.2,none,"SAFE: No pests detected. Environmental conditions: temp=25蚓, humidity=60%."
2026-05-17T23:57:58.151168,0,25.008924388764072,59.95540457499559,0.2,none,"SAFE: No pests detected. Environmental conditions: temp=25蚓, humidity=60%."
2026-05-17T23:58:03.180235,0,25.009685310127573,59.951599864969644,0.2,none,"SAFE: No pests detected. Environmental conditions: temp=25蚓, humidity=60%."
2026-05-17T23:58:08.429451,0,25.010437246523715,59.947840286967214,0.2,none,"SAFE: No pests detected. Environmental conditions: temp=25蚓, humidity=60%."
2026-05-17T23:58:13.623723,0,25.01119817747496,59.94403562972909,0.2,none,"SAFE: No pests detected. Environmental conditions: temp=25蚓, humidity=60%."
2026-05-17T23:58:19.171879,0,25.01197901335297,59.940131451839484,0.2,none,"SAFE: No pests detected. Environmental conditions: temp=25蚓, humidity=60%."
2026-05-17T23:58:24.743032,0,25.01271034888545,59.936474752444845,0.2,none,"SAFE: No pests detected. Environmental conditions: temp=25蚓, humidity=60%."
2026-05-17T23:58:29.325428,0,25.01344752402413,59.9327889002671,0.2,none,"SAFE: No pests detected. Environmental conditions: temp=25蚓, humidity=60%."
2026-05-17T23:58:34.307188,0,25.014192916823063,59.92906193620415,0.2,none,"SAFE: No pests detected. Environmental conditions: temp=25蚓, humidity=60%."
2026-05-17T23:58:39.194731,0,25.014923262852072,59.92541020286781,0.2,none,"SAFE: No pests detected. Environmental conditions: temp=25蚓, humidity=60%."
2026-05-17T23:58:49.715490,0,25.016283183231014,59.91861051743812,0.2,none,"SAFE: No pests detected. Environmental conditions: temp=25蚓, humidity=60%."
2026-05-17T23:58:56.345574,0,25.01726432186438,59.913703498180745,0.2,none,"SAFE: No pests detected. Environmental conditions: temp=25蚓, humidity=60%."
2026-05-17T23:59:00.507778,0,25.017990993531413,59.91007154930984,0.2,none,"SAFE: No pests detected. Environmental conditions: temp=25蚓, humidity=60%."
2026-05-17T23:59:05.590978,0,25.01873292534865,59.90636189186709,0.2,none,"SAFE: No pests detected. Environmental conditions: temp=25蚓, humidity=60%."
2026-05-17T23:59:11.014622,0,25.019548572586896,59.90228365695937,0.2,none,"SAFE: No pests detected. Environmental conditions: temp=25蚓, humidity=60%."
2026-05-17T23:59:16.924019,0,25.02025213207724,59.8987658595882,0.2,none,"SAFE: No pests detected. Environmental conditions: temp=25蚓, humidity=60%."
2026-05-17T23:59:21.041513,0,25.02099177270576,59.895067653397135,0.2,none,"SAFE: No pests detected. Environmental conditions: temp=25蚓, humidity=60%."
2026-05-17T23:59:25.853244,0,25.021719412322646,59.891429457636896,0.2,none,"SAFE: No pests detected. Environmental conditions: temp=25蚓, humidity=60%."
2026-05-17T23:59:30.840505,0,25.02244668779213,59.88779307619545,0.2,none,"SAFE: No pests detected. Environmental conditions: temp=25蚓, humidity=60%."
2026-05-17T23:59:35.924837,0,25.02318134416796,59.88411979593891,0.2,none,"SAFE: No pests detected. Environmental conditions: temp=25蚓, humidity=60%."
2026-05-17T23:59:40.868070,0,25.023905280874338,59.88050011541469,0.2,none,"SAFE: No pests detected. Environmental conditions: temp=25蚓, humidity=60%."
2026-05-17T23:59:47.141815,0,25.02476719508512,59.8761904994924,0.2,none,"SAFE: No pests detected. Environmental conditions: temp=25蚓, humidity=60%."
2026-05-17T23:59:51.757723,0,25.025480318910496,59.87262490330495,0.2,none,"SAFE: No pests detected. Environmental conditions: temp=25蚓, humidity=60%."
2026-05-17T23:59:57.066341,0,25.026236932113047,59.86884184721791,0.2,none,"SAFE: No pests detected. Environmental conditions: temp=25蚓, humidity=60%."
2026-05-18T00:00:02.636284,0,25.027071052895046,59.864671251482186,0.2,none,"SAFE: No pests detected. Environmental conditions: temp=25蚓, humidity=60%."
2026-05-18T00:00:08.506992,0,25.027810029704945,59.86097635897669,0.2,none,"SAFE: No pests detected. Environmental conditions: temp=25蚓, humidity=60%."
2026-05-18T00:00:14.572372,0,25.02858004865368,59.85712616839162,0.2,none,"SAFE: No pests detected. Environmental conditions: temp=25蚓, humidity=60%."
2026-05-18T00:00:24.482981,0,25.029597068691164,59.85204101287916,0.2,none,"SAFE: No pests detected. Environmental conditions: temp=25蚓, humidity=60%."
2026-05-18T00:00:26.095099,0,25.03037547473293,59.84814913819626,0.2,none,"SAFE: No pests detected. Environmental conditions: temp=25蚓, humidity=60%."
2026-05-18T00:00:30.736360,0,25.031094890984342,59.84455204812455,0.2,none,"SAFE: No pests detected. Environmental conditions: temp=25蚓, humidity=60%."
2026-05-18T00:00:46.947889,0,25.032221253677832,59.83892023563431,0.2,none,"SAFE: No pests detected. Environmental conditions: temp=25蚓, humidity=60%."
2026-05-18T00:00:47.883797,0,25.03358029540478,59.832125006767036,0.2,none,"SAFE: No pests detected. Environmental conditions: temp=25蚓, humidity=60%."
2026-05-18T00:00:53.677554,0,25.034338651612405,59.828333242027306,0.2,none,"SAFE: No pests detected. Environmental conditions: temp=25蚓, humidity=60%."
2026-05-18T00:00:58.230253,0,25.035093842358208,59.82455728864462,0.2,none,"SAFE: No pests detected. Environmental conditions: temp=25蚓, humidity=60%."
2026-05-18T00:01:05.049006,0,25.03581206630097,59.820966180030155,0.2,none,"SAFE: No pests detected. Environmental conditions: temp=25蚓, humidity=60%."
2026-05-18T00:01:09.014366,0,25.036630544409,59.81687378738656,0.2,none,"SAFE: No pests detected. Environmental conditions: temp=25蚓, humidity=60%."
2026-05-18T00:01:13.876292,0,25.037382811714387,59.81311240716362,0.2,none,"SAFE: No pests detected. Environmental conditions: temp=25蚓, humidity=60%."
2026-05-18T00:01:20.278551,0,25.038177917057325,59.809136906772835,0.2,none,"SAFE: No pests detected. Environmental conditions: temp=25蚓, humidity=60%."
2026-05-18T00:01:25.048182,0,25.03893575027288,59.805347696297275,0.2,none,"SAFE: No pests detected. Environmental conditions: temp=25蚓, humidity=60%."
2026-05-18T00:01:29.649442,0,25.039670429685895,59.801674262464644,0.2,none,"SAFE: No pests detected. Environmental conditions: temp=25蚓, humidity=60%."
2026-05-18T00:01:34.564450,0,25.04039938986823,59.79802956450189,0.2,none,"SAFE: No pests detected. Environmental conditions: temp=25蚓, humidity=60%."
2026-05-18T00:01:39.548785,0,25.041135361002244,59.79434971157977,0.2,none,"SAFE: No pests detected. Environmental conditions: temp=25蚓, humidity=60%."
2026-05-18T00:01:44.760729,0,25.04188841502487,59.790584438485816,0.2,none,"SAFE: No pests detected. Environmental conditions: temp=25蚓, humidity=60%."
2026-05-18T00:01:49.664168,0,25.042612206562048,59.78696540553946,0.2,none,"SAFE: No pests detected. Environmental conditions: temp=25蚓, humidity=60%."
2026-05-18T00:01:59.368065,0,25.04336690865119,59.78319185033033,0.2,none,"SAFE: No pests detected. Environmental conditions: temp=25蚓, humidity=60%."
2026-05-18T00:01:59.731930,0,25.04408953766592,59.77957882655987,0.2,none,"SAFE: No pests detected. Environmental conditions: temp=25蚓, humidity=60%."
2026-05-18T00:02:04.880176,0,25.04483140472706,59.77586938460518,0.2,none,"SAFE: No pests detected. Environmental conditions: temp=25蚓, humidity=60%."
2026-05-18T00:02:09.778520,0,25.045557448791165,59.77223926599052,0.2,none,"SAFE: No pests detected. Environmental conditions: temp=25蚓, humidity=60%."
2026-05-18T00:02:14.901620,0,25.04628830278949,59.7685849605891,0.2,none,"SAFE: No pests detected. Environmental conditions: temp=25蚓, humidity=60%."
2026-05-18T00:02:20.392212,0,25.047054795548792,59.76475237851473,0.2,none,"SAFE: No pests detected. Environmental conditions: temp=25蚓, humidity=60%."
2026-05-18T00:02:25.522828,0,25.04780305877121,59.76101121227524,0.2,none,"SAFE: No pests detected. Environmental conditions: temp=25蚓, humidity=60%."
2026-05-18T00:02:32.418326,0,25.048643553818703,59.75680437002963,0.2,none,"SAFE: No pests detected. Environmental conditions: temp=25蚓, humidity=60%."
2026-05-18T00:02:38.440539,0,25.049625690447485,59.75189804342541,0.2,none,"SAFE: No pests detected. Environmental conditions: temp=25蚓, humidity=60%."
2026-05-18T00:02:44.918374,0,25.050422456224272,59.74791420803752,0.2,none,"SAFE: No pests detected. Environmental conditions: temp=25蚓, humidity=60%."
2026-05-18T00:02:48.806260,0,25.051144155813024,59.74430570742435,0.2,none,"SAFE: No pests detected. Environmental conditions: temp=25蚓, humidity=60%."
2026-05-18T00:02:53.614294,0,25.05190050262647,59.74052397067238,0.2,none,"SAFE: No pests detected. Environmental conditions: temp=25蚓, humidity=60%."
2026-05-18T00:02:58.633105,0,25.052638138314123,59.736834557921156,0.2,none,"SAFE: No pests detected. Environmental conditions: temp=25蚓, humidity=60%."
2026-05-18T00:03:03.692904,0,25.053381279934232,59.73312000960908,0.2,none,"SAFE: No pests detected. Environmental conditions: temp=25蚓, humidity=60%."
2026-05-18T00:03:08.867340,0,25.05411638662093,59.72944455286831,0.2,none,"SAFE: No pests detected. Environmental conditions: temp=25蚓, humidity=60%."
2026-05-18T00:03:13.917045,0,25.054856826319963,59.725742376983746,0.2,none,"SAFE: No pests detected. Environmental conditions: temp=25蚓, humidity=60%."
2026-05-18T00:03:19.070018,0,25.055597358809727,59.7220397043847,0.2,none,"SAFE: No pests detected. Environmental conditions: temp=25蚓, humidity=60%."
2026-05-18T00:03:23.930486,0,25.056329229794187,59.718380334459184,0.2,none,"SAFE: No pests detected. Environmental conditions: temp=25蚓, humidity=60%."
2026-05-18T00:03:29.060559,0,25.05706318056668,59.71471058517375,0.2,none,"SAFE: No pests detected. Environmental conditions: temp=25蚓, humidity=60%."
2026-05-18T00:03:33.972486,0,25.057790426555727,59.71107437488243,0.2,none,"SAFE: No pests detected. Environmental conditions: temp=25蚓, humidity=60%."
2026-05-18T00:03:39.773836,0,25.058594521284178,59.70705390404939,0.2,none,"SAFE: No pests detected. Environmental conditions: temp=25蚓, humidity=60%."
2026-05-18T00:03:44.360600,0,25.059304682138126,59.70350308251792,0.2,none,"SAFE: No pests detected. Environmental conditions: temp=25蚓, humidity=60%."
2026-05-18T00:03:49.933504,0,25.060106965344882,59.69949165524843,0.2,none,"SAFE: No pests detected. Environmental conditions: temp=25蚓, humidity=60%."
2026-05-18T00:03:54.792031,0,25.060824458735173,59.695904195981434,0.2,none,"SAFE: No pests detected. Environmental conditions: temp=25蚓, humidity=60%."
2026-05-18T01:46:30.097689,0,25.00078318814699,59.99610803117724,0.2,none,"SAFE: No pests detected. Environmental conditions: temp=25蚓, humidity=60%."
2026-05-18T01:46:31.580020,0,25.002279129663503,59.988630875253065,0.2,none,"SAFE: No pests detected. Environmental conditions: temp=25蚓, humidity=60%."
2026-05-18T01:46:36.865290,0,25.00304750609757,59.984788993762706,0.2,none,"SAFE: No pests detected. Environmental conditions: temp=25蚓, humidity=60%."
2026-05-18T01:46:41.623290,0,25.00374018858473,59.98132558183148,0.2,none,"SAFE: No pests detected. Environmental conditions: temp=25蚓, humidity=60%."
2026-05-18T01:46:48.821591,0,25.004781880269128,59.97611711089655,0.2,none,"SAFE: No pests detected. Environmental conditions: temp=25蚓, humidity=60%."
2026-05-18T01:46:52.890088,0,25.00537620687447,59.97314547941027,0.2,none,"SAFE: No pests detected. Environmental conditions: temp=25蚓, humidity=60%."
2026-05-18T01:46:57.990365,0,25.006115730848407,59.96944786974197,0.2,none,"SAFE: No pests detected. Environmental conditions: temp=25蚓, humidity=60%."
2026-05-18T01:47:04.392721,0,25.007050291845974,59.964775050669445,0.2,none,"SAFE: No pests detected. Environmental conditions: temp=25蚓, humidity=60%."
2026-05-18T01:47:11.413471,0,25.008006222705585,59.95999539719061,0.2,none,"SAFE: No pests detected. Environmental conditions: temp=25蚓, humidity=60%."
2026-05-18T01:47:17.107713,0,25.008899104749247,59.95553099888559,0.2,none,"SAFE: No pests detected. Environmental conditions: temp=25蚓, humidity=60%."
2026-05-18T01:47:19.197746,0,25.00919114386481,59.95407080381041,0.2,none,"SAFE: No pests detected. Environmental conditions: temp=25蚓, humidity=60%."
2026-05-18T01:47:24.232968,0,25.009931381137907,59.95036961809152,0.2,none,"SAFE: No pests detected. Environmental conditions: temp=25蚓, humidity=60%."
2026-05-18T01:47:28.951679,0,25.010621547807663,59.94691878504249,0.2,none,"SAFE: No pests detected. Environmental conditions: temp=25蚓, humidity=60%."
2026-05-18T01:47:35.038556,0,25.011508323089114,59.94248491030398,0.2,none,"SAFE: No pests detected. Environmental conditions: temp=25蚓, humidity=60%."
2026-05-18T01:47:39.181559,0,25.012093307090648,59.93955998782324,0.2,none,"SAFE: No pests detected. Environmental conditions: temp=25蚓, humidity=60%."
2026-05-18T01:47:45.440862,0,25.012905436978468,59.93549933068816,0.2,none,"SAFE: No pests detected. Environmental conditions: temp=25蚓, humidity=60%."
2026-05-18T01:47:48.503224,0,25.013466940856,59.93269182026712,0.2,none,"SAFE: No pests detected. Environmental conditions: temp=25蚓, humidity=60%."
2026-05-18T01:47:53.894923,0,25.014248446858424,59.92878428619549,0.2,none,"SAFE: No pests detected. Environmental conditions: temp=25蚓, humidity=60%."
2026-05-18T01:48:01.998952,0,25.015423159546,59.92291071067903,0.2,none,"SAFE: No pests detected. Environmental conditions: temp=25蚓, humidity=60%."
2026-05-18T01:48:04.956037,0,25.015856786220645,59.92074259009077,0.2,none,"SAFE: No pests detected. Environmental conditions: temp=25蚓, humidity=60%."
2026-05-18T01:48:09.330456,0,25.016492251588826,59.917565264915496,0.2,none,"SAFE: No pests detected. Environmental conditions: temp=25蚓, humidity=60%."
2026-05-18T01:48:14.232262,0,25.01720594703542,59.91399678708266,0.2,none,"SAFE: No pests detected. Environmental conditions: temp=25蚓, humidity=60%."
2026-05-18T01:48:18.872017,0,25.017884049153622,59.9106062798803,0.2,none,"SAFE: No pests detected. Environmental conditions: temp=25蚓, humidity=60%."
2026-05-18T01:48:24.988887,0,25.01876340389704,59.906209504495976,0.2,none,"SAFE: No pests detected. Environmental conditions: temp=25蚓, humidity=60%."
2026-05-18T01:48:29.066119,0,25.019352431753493,59.90326436409904,0.2,none,"SAFE: No pests detected. Environmental conditions: temp=25蚓, humidity=60%."
2026-05-18T01:48:34.428096,0,25.020144020623995,59.899306411320936,0.2,none,"SAFE: No pests detected. Environmental conditions: temp=25蚓, humidity=60%."
2026-05-18T01:48:38.888353,0,25.02079054839789,59.896073780512296,0.2,none,"SAFE: No pests detected. Environmental conditions: temp=25蚓, humidity=60%."
2026-05-18T01:48:44.436861,0,25.02160148575799,59.89201909359781,0.2,none,"SAFE: No pests detected. Environmental conditions: temp=25蚓, humidity=60%."
2026-05-18T01:48:50.002440,0,25.02241068109741,59.88797310551348,0.2,none,"SAFE: No pests detected. Environmental conditions: temp=25蚓, humidity=60%."
2026-05-18T01:48:54.091458,0,25.023004112844973,59.88500595535491,0.2,none,"SAFE: No pests detected. Environmental conditions: temp=25蚓, humidity=60%."
2026-05-18T01:48:59.552720,0,25.023800012617738,59.88102646174208,0.2,none,"SAFE: No pests detected. Environmental conditions: temp=25蚓, humidity=60%."
2026-05-18T01:49:03.581717,0,25.024385200312576,59.87810051953363,0.2,none,"SAFE: No pests detected. Environmental conditions: temp=25蚓, humidity=60%."
2026-05-18T01:49:08.973796,0,25.02516884820317,59.874182270936736,0.2,none,"SAFE: No pests detected. Environmental conditions: temp=25蚓, humidity=60%."
2026-05-18T01:56:15.603174,0,25.000719667998705,59.99642625748382,0.2,none,"SAFE: No pests detected. Environmental conditions: temp=25蚓, humidity=60%."
2026-05-18T01:56:15.954593,0,25.000761927749302,59.99621686854135,0.2,none,"SAFE: No pests detected. Environmental conditions: temp=25蚓, humidity=60%."
2026-05-18T01:56:20.898546,0,25.00148737022628,59.99258964800211,0.2,none,"SAFE: No pests detected. Environmental conditions: temp=25蚓, humidity=60%."
2026-05-18T01:56:25.965799,0,25.002214830230592,59.988952368950926,0.2,none,"SAFE: No pests detected. Environmental conditions: temp=25蚓, humidity=60%."
2026-05-18T01:56:30.884830,0,25.00294229680783,59.98531503830627,0.2,none,"SAFE: No pests detected. Environmental conditions: temp=25蚓, humidity=60%."
2026-05-18T08:29:32.065190,0,25.000002037004425,60.00001635087582,0.2,none,"SAFE: No pests detected. Environmental conditions: temp=25蚓, humidity=60%."
2026-05-18T08:29:37.071049,0,25.000729284879643,59.99638011149796,0.2,none,"SAFE: No pests detected. Environmental conditions: temp=25蚓, humidity=60%."
2026-05-18T08:29:42.070930,0,25.00145666123904,59.99274322969572,0.2,none,"SAFE: No pests detected. Environmental conditions: temp=25蚓, humidity=60%."
2026-05-18T08:29:47.069231,0,25.002184079745803,59.989106137153136,0.2,none,"SAFE: No pests detected. Environmental conditions: temp=25蚓, humidity=60%."
2026-05-18T08:29:52.074893,0,25.002911396188086,59.98546955492943,0.2,none,"SAFE: No pests detected. Environmental conditions: temp=25蚓, humidity=60%."
2026-05-18T08:29:57.064897,0,25.00363880705087,59.98183250059972,0.2,none,"SAFE: No pests detected. Environmental conditions: temp=25蚓, humidity=60%."
2026-05-18T08:30:02.079628,0,25.00436622138542,59.97819542890766,0.2,none,"SAFE: No pests detected. Environmental conditions: temp=25蚓, humidity=60%."
2026-05-18T08:30:07.085904,0,25.005093456766815,59.974559251977894,0.2,none,"SAFE: No pests detected. Environmental conditions: temp=25蚓, humidity=60%."
2026-05-18T08:30:12.082913,0,25.005820821858023,59.970922426495534,0.2,none,"SAFE: No pests detected. Environmental conditions: temp=25蚓, humidity=60%."
2026-05-18T08:30:17.084235,0,25.006548078370525,59.967286143903195,0.2,none,"SAFE: No pests detected. Environmental conditions: temp=25蚓, humidity=60%."
2026-05-18T08:30:22.086989,0,25.007275316713717,59.963649952153915,0.2,none,"SAFE: No pests detected. Environmental conditions: temp=25蚓, humidity=60%."
2026-05-18T08:30:27.087570,0,25.00800268898565,59.9600130907574,0.2,none,"SAFE: No pests detected. Environmental conditions: temp=25蚓, humidity=60%."
2026-05-18T08:30:32.086149,0,25.00873003152184,59.9563763780361,0.2,none,"SAFE: No pests detected. Environmental conditions: temp=25蚓, humidity=60%."
2026-05-18T08:30:37.098876,0,25.009457362569908,59.95273972275189,0.2,none,"SAFE: No pests detected. Environmental conditions: temp=25蚓, humidity=60%."
2026-05-18T08:30:46.615421,0,25.01018472042015,59.9491029334533,0.2,none,"SAFE: No pests detected. Environmental conditions: temp=25蚓, humidity=60%."
2026-05-18T08:30:47.100978,0,25.01091204744868,59.94546629825976,0.2,none,"SAFE: No pests detected. Environmental conditions: temp=25蚓, humidity=60%."
2026-05-18T08:30:52.089180,0,25.011639340126553,59.941829834816005,0.2,none,"SAFE: No pests detected. Environmental conditions: temp=25蚓, humidity=60%."
2026-05-18T08:30:57.091710,0,25.012366652452172,59.938193273130004,0.2,none,"SAFE: No pests detected. Environmental conditions: temp=25蚓, humidity=60%."
2026-05-18T08:31:02.093815,0,25.01309389087792,59.934557080939875,0.2,none,"SAFE: No pests detected. Environmental conditions: temp=25蚓, humidity=60%."
2026-05-18T08:31:07.095345,0,25.013821290964323,59.93092008044292,0.2,none,"SAFE: No pests detected. Environmental conditions: temp=25蚓, humidity=60%."
2026-05-18T08:31:12.096621,0,25.014548565707802,59.92728370665709,0.2,none,"SAFE: No pests detected. Environmental conditions: temp=25蚓, humidity=60%."
2026-05-18T08:31:17.097516,0,25.015275924765454,59.923646911296885,0.2,none,"SAFE: No pests detected. Environmental conditions: temp=25蚓, humidity=60%."
2026-05-18T08:31:22.101534,0,25.016003296400918,59.920010053044116,0.2,none,"SAFE: No pests detected. Environmental conditions: temp=25蚓, humidity=60%."
2026-05-18T08:31:27.100956,0,25.016730585992892,59.91637360500528,0.2,none,"SAFE: No pests detected. Environmental conditions: temp=25蚓, humidity=60%."
2026-05-18T10:30:38.298220,0,25.000001599594455,60.000018537925655,0.2,none,"SAFE: No pests detected. Environmental conditions: temp=25蚓, humidity=60%."
2026-05-18T10:30:43.298224,0,25.000728698533944,59.99638304322647,0.2,none,"SAFE: No pests detected. Environmental conditions: temp=25蚓, humidity=60%."
2026-05-18T10:30:48.302451,0,25.001456048123167,59.99274629527509,0.2,none,"SAFE: No pests detected. Environmental conditions: temp=25蚓, humidity=60%."
2026-05-18T10:30:53.304847,0,25.002183449569284,59.98910928803575,0.2,none,"SAFE: No pests detected. Environmental conditions: temp=25蚓, humidity=60%."
2026-05-18T10:30:58.302231,0,25.002910761261177,59.985472729563995,0.2,none,"SAFE: No pests detected. Environmental conditions: temp=25蚓, humidity=60%."
2026-05-18T10:31:03.598953,0,25.00363801670431,59.981836452332544,0.2,none,"SAFE: No pests detected. Environmental conditions: temp=25蚓, humidity=60%."
2026-05-18T10:31:08.303314,0,25.00436534056854,59.9781998329921,0.2,none,"SAFE: No pests detected. Environmental conditions: temp=25蚓, humidity=60%."
2026-05-18T10:31:13.303399,0,25.00509269655533,59.97456268633204,0.2,none,"SAFE: No pests detected. Environmental conditions: temp=25蚓, humidity=60%."
2026-05-18T10:31:18.320111,0,25.00582009934054,59.970926039082975,0.2,none,"SAFE: No pests detected. Environmental conditions: temp=25蚓, humidity=60%."
2026-05-18T10:31:23.314220,0,25.006547456796746,59.96728925177213,0.2,none,"SAFE: No pests detected. Environmental conditions: temp=25蚓, humidity=60%."
2026-05-18T10:31:28.317187,0,25.007274839602257,59.96365233771124,0.2,none,"SAFE: No pests detected. Environmental conditions: temp=25蚓, humidity=60%."
2026-05-18T10:31:33.318655,0,25.008002170402033,59.9600156836755,0.2,none,"SAFE: No pests detected. Environmental conditions: temp=25蚓, humidity=60%."
2026-05-18T10:31:38.332499,0,25.008729448198515,59.95637929465275,0.2,none,"SAFE: No pests detected. Environmental conditions: temp=25蚓, humidity=60%."
2026-05-18T10:31:43.316694,0,25.009456696094116,59.95274305513088,0.2,none,"SAFE: No pests detected. Environmental conditions: temp=25蚓, humidity=60%."
2026-05-18T10:31:48.318911,0,25.010184038722745,59.94910634194037,0.2,none,"SAFE: No pests detected. Environmental conditions: temp=25蚓, humidity=60%."
2026-05-18T10:31:53.319615,0,25.01091132986289,59.94546988618877,0.2,none,"SAFE: No pests detected. Environmental conditions: temp=25蚓, humidity=60%."
2026-05-18T10:31:58.318292,0,25.01163860797833,59.941833495557184,0.2,none,"SAFE: No pests detected. Environmental conditions: temp=25蚓, humidity=60%."
2026-05-18T10:32:03.318500,0,25.01236600151647,59.93819652780858,0.2,none,"SAFE: No pests detected. Environmental conditions: temp=25蚓, humidity=60%."
2026-05-18T10:32:08.318753,0,25.013093256171995,59.93456025446953,0.2,none,"SAFE: No pests detected. Environmental conditions: temp=25蚓, humidity=60%."
2026-05-18T10:32:13.320634,0,25.0138205933582,59.930923568473595,0.2,none,"SAFE: No pests detected. Environmental conditions: temp=25蚓, humidity=60%."
2026-05-18T10:32:18.321068,0,25.01454798457892,59.92728624335285,0.2,none,"SAFE: No pests detected. Environmental conditions: temp=25蚓, humidity=60%."
2026-05-18T10:32:23.322867,0,25.015275317770197,59.92364994627323,0.2,none,"SAFE: No pests detected. Environmental conditions: temp=25蚓, humidity=60%."
2026-05-18T10:32:28.323967,0,25.016002531148693,59.92001387930533,0.2,none,"SAFE: No pests detected. Environmental conditions: temp=25蚓, humidity=60%."
2026-05-18T10:32:33.331587,0,25.01672976519306,59.91637770900455,0.2,none,"SAFE: No pests detected. Environmental conditions: temp=25蚓, humidity=60%."
2026-05-18T10:32:38.331976,0,25.01745699289896,59.91274157039258,0.2,none,"SAFE: No pests detected. Environmental conditions: temp=25蚓, humidity=60%."
2026-05-18T10:32:43.331497,0,25.018184292605383,59.90910507177448,0.2,none,"SAFE: No pests detected. Environmental conditions: temp=25蚓, humidity=60%."
2026-05-18T10:32:48.333997,0,25.018911663834,59.905468215541916,0.2,none,"SAFE: No pests detected. Environmental conditions: temp=25蚓, humidity=60%."
2026-05-18T10:32:53.336783,0,25.019639027047702,59.901831399380406,0.2,none,"SAFE: No pests detected. Environmental conditions: temp=25蚓, humidity=60%."
2026-05-18T10:32:58.338042,0,25.02036627916633,59.898195138690774,0.2,none,"SAFE: No pests detected. Environmental conditions: temp=25蚓, humidity=60%."
2026-05-18T10:33:03.339941,0,25.021093524985616,59.894558909494336,0.2,none,"SAFE: No pests detected. Environmental conditions: temp=25蚓, humidity=60%."
2026-05-18T10:33:08.341593,0,25.021820841941583,59.890922324610976,0.2,none,"SAFE: No pests detected. Environmental conditions: temp=25蚓, humidity=60%."
2026-05-18T10:33:13.363698,0,25.022548138812994,59.887285840146895,0.2,none,"SAFE: No pests detected. Environmental conditions: temp=25蚓, humidity=60%."
2026-05-18T10:33:18.343534,0,25.023275471849434,59.88364917485414,0.2,none,"SAFE: No pests detected. Environmental conditions: temp=25蚓, humidity=60%."
2026-05-18T10:33:23.340795,0,25.02400272240364,59.88001292196907,0.2,none,"SAFE: No pests detected. Environmental conditions: temp=25蚓, humidity=60%."
2026-05-18T10:33:28.339407,0,25.02472995466586,59.8763767605404,0.2,none,"SAFE: No pests detected. Environmental conditions: temp=25蚓, humidity=60%."
2026-05-18T10:33:33.341422,0,25.02545724943397,59.872740286578804,0.2,none,"SAFE: No pests detected. Environmental conditions: temp=25蚓, humidity=60%."
2026-05-18T10:33:38.341418,0,25.026184469962306,59.86910418381255,0.2,none,"SAFE: No pests detected. Environmental conditions: temp=25蚓, humidity=60%."
2026-05-18T10:33:43.352091,0,25.026911731306093,59.86546787696553,0.2,none,"SAFE: No pests detected. Environmental conditions: temp=25蚓, humidity=60%."
2026-05-18T10:33:48.351350,0,25.02763898423654,59.861831612181724,0.2,none,"SAFE: No pests detected. Environmental conditions: temp=25蚓, humidity=60%."
2026-05-18T10:33:53.371756,0,25.028366348834354,59.858194789057514,0.2,none,"SAFE: No pests detected. Environmental conditions: temp=25蚓, humidity=60%."
2026-05-18T10:33:58.353567,0,25.029093612560835,59.854558470286506,0.2,none,"SAFE: No pests detected. Environmental conditions: temp=25蚓, humidity=60%."
2026-05-18T10:34:03.354177,0,25.029820842690356,59.850922319496775,0.2,none,"SAFE: No pests detected. Environmental conditions: temp=25蚓, humidity=60%."
2026-05-18T10:34:08.356179,0,25.030548121959832,59.84728592300376,0.2,none,"SAFE: No pests detected. Environmental conditions: temp=25蚓, humidity=60%."
2026-05-18T10:34:13.353600,0,25.031275391537307,59.84364920882766,0.2,none,"SAFE: No pests detected. Environmental conditions: temp=25蚓, humidity=60%."
2026-05-18T10:34:18.353770,0,25.032002671956594,59.84001317271815,0.2,none,"SAFE: No pests detected. Environmental conditions: temp=25蚓, humidity=60%."
2026-05-18T10:34:23.374387,0,25.032729876441476,59.836377150137594,0.2,none,"SAFE: No pests detected. Environmental conditions: temp=25蚓, humidity=60%."
2026-05-18T10:34:28.358570,0,25.033457049172807,59.83274128632127,0.2,none,"SAFE: No pests detected. Environmental conditions: temp=25蚓, humidity=60%."
2026-05-18T10:34:33.357243,0,25.034184338310187,59.82910484047119,0.2,none,"SAFE: No pests detected. Environmental conditions: temp=25蚓, humidity=60%."
2026-05-18T10:34:38.358966,0,25.034911482715234,59.82546911827929,0.2,none,"SAFE: No pests detected. Environmental conditions: temp=25蚓, humidity=60%."
2026-05-18T10:34:43.371774,0,25.035638706581413,59.82183299877819,0.2,none,"SAFE: No pests detected. Environmental conditions: temp=25蚓, humidity=60%."
2026-05-18T10:34:48.364552,0,25.036365898517616,59.81819703892349,0.2,none,"SAFE: No pests detected. Environmental conditions: temp=25蚓, humidity=60%."
2026-05-18T10:34:53.364997,0,25.037093083217673,59.814561115246,0.2,none,"SAFE: No pests detected. Environmental conditions: temp=25蚓, humidity=60%."
2026-05-18T10:34:58.365858,0,25.03782022594979,59.81092540140471,0.2,none,"SAFE: No pests detected. Environmental conditions: temp=25蚓, humidity=60%."
2026-05-18T10:35:03.365941,0,25.038547472891754,59.80728916651065,0.2,none,"SAFE: No pests detected. Environmental conditions: temp=25蚓, humidity=60%."
2026-05-18T10:35:08.364956,0,25.039274629897886,59.803653381292264,0.2,none,"SAFE: No pests detected. Environmental conditions: temp=25蚓, humidity=60%."
2026-05-18T10:35:13.367601,0,25.040001803205524,59.80001751456283,0.2,none,"SAFE: No pests detected. Environmental conditions: temp=25蚓, humidity=60%."
2026-05-18T10:35:18.367734,0,25.040729031963746,59.796381370576945,0.2,none,"SAFE: No pests detected. Environmental conditions: temp=25蚓, humidity=60%."
2026-05-18T10:35:23.370544,0,25.041456220214975,59.79274542912255,0.2,none,"SAFE: No pests detected. Environmental conditions: temp=25蚓, humidity=60%."
2026-05-18T10:35:28.373902,0,25.04218340672758,59.78910949635774,0.2,none,"SAFE: No pests detected. Environmental conditions: temp=25蚓, humidity=60%."
2026-05-18T10:35:33.371879,0,25.04291060499538,59.78547350481345,0.2,none,"SAFE: No pests detected. Environmental conditions: temp=25蚓, humidity=60%."
2026-05-18T10:35:38.372902,0,25.043637754148275,59.7818377588402,0.2,none,"SAFE: No pests detected. Environmental conditions: temp=25蚓, humidity=60%."
2026-05-18T10:35:43.372455,0,25.044364887788433,59.77820209042711,0.2,none,"SAFE: No pests detected. Environmental conditions: temp=25蚓, humidity=60%."
2026-05-18T10:35:48.392762,0,25.045092042775735,59.77456631527479,0.2,none,"SAFE: No pests detected. Environmental conditions: temp=25蚓, humidity=60%."
2026-05-18T10:35:53.375930,0,25.045819185455258,59.77093060165787,0.2,none,"SAFE: No pests detected. Environmental conditions: temp=25蚓, humidity=60%."
2026-05-18T10:35:58.386993,0,25.046546304568167,59.767295005870494,0.2,none,"SAFE: No pests detected. Environmental conditions: temp=25蚓, humidity=60%."
2026-05-18T10:36:03.397220,0,25.04727342095753,59.76365942369735,0.2,none,"SAFE: No pests detected. Environmental conditions: temp=25蚓, humidity=60%."
2026-05-18T10:36:13.238328,0,25.048000567113668,59.76002369268682,0.2,none,"SAFE: No pests detected. Environmental conditions: temp=25蚓, humidity=60%."
2026-05-18T10:36:13.424450,0,25.04873352530508,59.75635890149452,0.2,none,"SAFE: No pests detected. Environmental conditions: temp=25蚓, humidity=60%."
2026-05-18T10:36:18.422264,0,25.049460601139806,59.75272352208402,0.2,none,"SAFE: No pests detected. Environmental conditions: temp=25蚓, humidity=60%."
2026-05-18T10:36:23.423685,0,25.05018762727518,59.749088391166794,0.2,none,"SAFE: No pests detected. Environmental conditions: temp=25蚓, humidity=60%."
2026-05-18T10:36:28.422920,0,25.05091472023034,59.745452926147074,0.2,none,"SAFE: No pests detected. Environmental conditions: temp=25蚓, humidity=60%."
2026-05-18T10:36:33.425348,0,25.05164189346112,59.74181705974574,0.2,none,"SAFE: No pests detected. Environmental conditions: temp=25蚓, humidity=60%."
2026-05-18T10:36:38.428340,0,25.052369072894507,59.738181162327855,0.2,none,"SAFE: No pests detected. Environmental conditions: temp=25蚓, humidity=60%."
2026-05-18T10:36:43.429792,0,25.05309614015926,59.73454582574967,0.2,none,"SAFE: No pests detected. Environmental conditions: temp=25蚓, humidity=60%."
2026-05-18T10:36:48.428131,0,25.053823136308406,59.730910844746035,0.2,none,"SAFE: No pests detected. Environmental conditions: temp=25蚓, humidity=60%."
2026-05-18T10:36:53.431031,0,25.054550254878816,59.72727525163251,0.2,none,"SAFE: No pests detected. Environmental conditions: temp=25蚓, humidity=60%."
2026-05-18T10:36:58.429211,0,25.05527731108442,59.72363997033953,0.2,none,"SAFE: No pests detected. Environmental conditions: temp=25蚓, humidity=60%."
2026-05-18T10:37:03.430120,0,25.056004339112377,59.72000482993132,0.2,none,"SAFE: No pests detected. Environmental conditions: temp=25蚓, humidity=60%."
2026-05-18T10:37:08.455311,0,25.05673130153555,59.7163700175435,0.2,none,"SAFE: No pests detected. Environmental conditions: temp=25蚓, humidity=60%."
2026-05-18T10:37:13.450686,0,25.05745824342451,59.712734939017075,0.2,none,"SAFE: No pests detected. Environmental conditions: temp=25蚓, humidity=60%."
2026-05-18T10:37:18.438213,0,25.0581852066244,59.70910049154485,0.2,none,"SAFE: No pests detected. Environmental conditions: temp=25蚓, humidity=60%."
2026-05-18T10:37:23.442335,0,25.058912276236157,59.70546514320356,0.2,none,"SAFE: No pests detected. Environmental conditions: temp=25蚓, humidity=60%."
2026-05-18T10:37:28.443640,0,25.059639293758615,59.70183005530527,0.2,none,"SAFE: No pests detected. Environmental conditions: temp=25蚓, humidity=60%."
2026-05-18T10:37:33.439265,0,25.060366333652322,59.69819485554722,0.2,none,"SAFE: No pests detected. Environmental conditions: temp=25蚓, humidity=60%."
2026-05-18T10:37:38.440253,0,25.061093307678817,59.694559985121735,0.2,none,"SAFE: No pests detected. Environmental conditions: temp=25蚓, humidity=60%."
2026-05-18T10:37:43.439811,0,25.061820334870227,59.69092484886816,0.2,none,"SAFE: No pests detected. Environmental conditions: temp=25蚓, humidity=60%."
2026-05-18T10:37:48.441317,0,25.062547278396263,59.68729013093795,0.2,none,"SAFE: No pests detected. Environmental conditions: temp=25蚓, humidity=60%."
2026-05-18T10:37:53.445135,0,25.06327425590063,59.68365524311258,0.2,none,"SAFE: No pests detected. Environmental conditions: temp=25蚓, humidity=60%."
2026-05-18T10:37:58.445198,0,25.064001262156225,59.68002021152754,0.2,none,"SAFE: No pests detected. Environmental conditions: temp=25蚓, humidity=60%."
2026-05-18T10:38:03.447934,0,25.06472823755716,59.67638533421232,0.2,none,"SAFE: No pests detected. Environmental conditions: temp=25蚓, humidity=60%."
2026-05-18T10:38:08.448472,0,25.065455206130014,59.672750491033966,0.2,none,"SAFE: No pests detected. Environmental conditions: temp=25蚓, humidity=60%."
2026-05-18T10:38:13.452826,0,25.066182066439886,59.66911618916707,0.2,none,"SAFE: No pests detected. Environmental conditions: temp=25蚓, humidity=60%."
2026-05-18T10:38:18.464686,0,25.06690905669672,59.6654812375618,0.2,none,"SAFE: No pests detected. Environmental conditions: temp=25蚓, humidity=60%."
2026-05-18T10:38:23.487194,0,25.067635959328438,59.661846724078636,0.2,none,"SAFE: No pests detected. Environmental conditions: temp=25蚓, humidity=60%."
2026-05-18T10:38:28.474468,0,25.06836290846559,59.65821197806475,0.2,none,"SAFE: No pests detected. Environmental conditions: temp=25蚓, humidity=60%."
2026-05-18T10:38:33.459224,0,25.069089735963754,59.65457784024237,0.2,none,"SAFE: No pests detected. Environmental conditions: temp=25蚓, humidity=60%."
2026-05-18T10:38:38.461532,0,25.069816612547573,59.65094345698817,0.2,none,"SAFE: No pests detected. Environmental conditions: temp=25蚓, humidity=60%."
2026-05-18T10:38:43.459199,0,25.07054344822372,59.64730927826885,0.2,none,"SAFE: No pests detected. Environmental conditions: temp=25蚓, humidity=60%."
2026-05-18T10:38:48.459100,0,25.071270260605758,59.64367521601657,0.2,none,"SAFE: No pests detected. Environmental conditions: temp=25蚓, humidity=60%."
2026-05-18T10:38:53.459152,0,25.071997090282,59.64004106728976,0.2,none,"SAFE: No pests detected. Environmental conditions: temp=25蚓, humidity=60%."
2026-05-18T10:38:58.460203,0,25.0727239866753,59.636406584974104,0.2,none,"SAFE: No pests detected. Environmental conditions: temp=25蚓, humidity=60%."
2026-05-18T10:39:03.463680,0,25.073450832143003,59.632772357282946,0.2,none,"SAFE: No pests detected. Environmental conditions: temp=25蚓, humidity=60%."
2026-05-18T10:39:08.465056,0,25.07417768290125,59.62913810313556,0.2,none,"SAFE: No pests detected. Environmental conditions: temp=25蚓, humidity=60%."
2026-05-18T10:39:13.464823,0,25.07490448164249,59.62550410906971,0.2,none,"SAFE: No pests detected. Environmental conditions: temp=25蚓, humidity=60%."
2026-05-18T10:39:18.466349,0,25.075631310085097,59.62186996649352,0.2,none,"SAFE: No pests detected. Environmental conditions: temp=25蚓, humidity=60%."
2026-05-18T10:39:23.475692,0,25.076358231196615,59.6182353605692,0.2,none,"SAFE: No pests detected. Environmental conditions: temp=25蚓, humidity=60%."
2026-05-18T10:39:28.473387,0,25.077084876019047,59.61460213608693,0.2,none,"SAFE: No pests detected. Environmental conditions: temp=25蚓, humidity=60%."
2026-05-18T10:39:33.483583,0,25.07781165254399,59.610968253088544,0.2,none,"SAFE: No pests detected. Environmental conditions: temp=25蚓, humidity=60%."
2026-05-18T10:39:38.524070,0,25.078538406443062,59.607334483216,0.2,none,"SAFE: No pests detected. Environmental conditions: temp=25蚓, humidity=60%."
2026-05-18T10:39:43.482331,0,25.079265173274816,59.603700648676536,0.2,none,"SAFE: No pests detected. Environmental conditions: temp=25蚓, humidity=60%."
2026-05-18T10:39:48.481932,0,25.0799918295231,59.60006736705097,0.2,none,"SAFE: No pests detected. Environmental conditions: temp=25蚓, humidity=60%."
2026-05-18T10:39:53.484373,0,25.080718597399642,59.596433527280524,0.2,none,"SAFE: No pests detected. Environmental conditions: temp=25蚓, humidity=60%."
2026-05-18T10:39:58.479893,0,25.081445478327467,59.59279912225012,0.2,none,"SAFE: No pests detected. Environmental conditions: temp=25蚓, humidity=60%."
2026-05-18T10:40:03.479634,0,25.08217208973374,59.589166064824084,0.2,none,"SAFE: No pests detected. Environmental conditions: temp=25蚓, humidity=60%."
2026-05-18T10:40:08.481303,0,25.0828988016305,59.58553250494205,0.2,none,"SAFE: No pests detected. Environmental conditions: temp=25蚓, humidity=60%."
2026-05-18T10:40:13.488101,0,25.08362557805778,59.58189862240387,0.2,none,"SAFE: No pests detected. Environmental conditions: temp=25蚓, humidity=60%."
2026-05-18T10:40:18.488098,0,25.084352283624586,59.57826509416461,0.2,none,"SAFE: No pests detected. Environmental conditions: temp=25蚓, humidity=60%."
2026-05-18T10:40:23.490181,0,25.085079009285014,59.57463146545368,0.2,none,"SAFE: No pests detected. Environmental conditions: temp=25蚓, humidity=60%."
2026-05-18T10:40:28.489534,0,25.08580561670947,59.570998427919164,0.2,none,"SAFE: No pests detected. Environmental conditions: temp=25蚓, humidity=60%."
2026-05-18T10:40:33.498847,0,25.086532251104124,59.56736525553017,0.2,none,"SAFE: No pests detected. Environmental conditions: temp=25蚓, humidity=60%."
2026-05-18T10:40:38.517163,0,25.087258932395027,59.56373184865636,0.2,none,"SAFE: No pests detected. Environmental conditions: temp=25蚓, humidity=60%."
2026-05-18T10:40:43.502139,0,25.087985580284816,59.560098608784635,0.2,none,"SAFE: No pests detected. Environmental conditions: temp=25蚓, humidity=60%."
2026-05-18T10:40:48.560720,0,25.088712242623536,59.55646529666473,0.2,none,"SAFE: No pests detected. Environmental conditions: temp=25蚓, humidity=60%."
2026-05-18T10:40:53.502045,0,25.08943891526072,59.552831933049006,0.2,none,"SAFE: No pests detected. Environmental conditions: temp=25蚓, humidity=60%."
2026-05-18T10:40:58.524819,0,25.090165482605105,59.54919909589379,0.2,none,"SAFE: No pests detected. Environmental conditions: temp=25蚓, humidity=60%."
2026-05-18T10:41:03.501211,0,25.090892085414364,59.54556608141068,0.2,none,"SAFE: No pests detected. Environmental conditions: temp=25蚓, humidity=60%."
2026-05-18T10:41:08.502709,0,25.091618706651026,59.541932974787045,0.2,none,"SAFE: No pests detected. Environmental conditions: temp=25蚓, humidity=60%."
2026-05-18T10:41:13.502197,0,25.092345214656394,59.53830043431642,0.2,none,"SAFE: No pests detected. Environmental conditions: temp=25蚓, humidity=60%."
2026-05-18T10:41:18.798393,0,25.093071828188556,59.53466736620826,0.2,none,"SAFE: No pests detected. Environmental conditions: temp=25蚓, humidity=60%."
2026-05-18T10:52:34.616104,0,25.000069673194,59.999678169927904,0.2,none,"SAFE: No pests detected. Environmental conditions: temp=25蚓, humidity=60%."
2026-05-18T10:52:39.204792,0,25.000736667238677,59.99634319970276,0.2,none,"SAFE: No pests detected. Environmental conditions: temp=25蚓, humidity=60%."
2026-05-18T10:52:44.219565,0,25.001465302354934,59.99270002411616,0.2,none,"SAFE: No pests detected. Environmental conditions: temp=25蚓, humidity=60%."
2026-05-18T10:52:49.217579,0,25.002191864140563,59.98906721517921,0.2,none,"SAFE: No pests detected. Environmental conditions: temp=25蚓, humidity=60%."
2026-05-18T10:52:54.241598,0,25.002919662270646,59.98542822451649,0.2,none,"SAFE: No pests detected. Environmental conditions: temp=25蚓, humidity=60%."
2026-05-18T10:52:59.238605,1,25.00364661713266,59.9817934501906,0.5,none,"SAFE: Low pest pressure (1 pests, PPI=0.50). Below economic threshold."
2026-05-18T10:53:08.797585,1,25.00437377312186,59.97815767022526,0.5,none,"SAFE: Low pest pressure (1 pests, PPI=0.50). Below economic threshold."
2026-05-18T10:53:09.244991,0,25.005104540048876,59.97450383556722,0.2,none,"SAFE: No pests detected. Environmental conditions: temp=25蚓, humidity=60%."
2026-05-18T10:53:14.245449,0,25.005831771000757,59.97086768078144,0.2,none,"SAFE: No pests detected. Environmental conditions: temp=25蚓, humidity=60%."
2026-05-18T10:53:19.230470,0,25.006557999069425,59.967236540408265,0.2,none,"SAFE: No pests detected. Environmental conditions: temp=25蚓, humidity=60%."
2026-05-18T10:53:24.230300,0,25.007284081118335,59.96360613013038,0.2,none,"SAFE: No pests detected. Environmental conditions: temp=25蚓, humidity=60%."
2026-05-18T10:53:29.221315,0,25.00801081048006,59.95997248328493,0.2,none,"SAFE: No pests detected. Environmental conditions: temp=25蚓, humidity=60%."
2026-05-18T10:53:34.234220,0,25.008739075079156,59.956331160248986,0.2,none,"SAFE: No pests detected. Environmental conditions: temp=25蚓, humidity=60%."
2026-05-18T10:53:39.243074,0,25.009467665272943,59.95268820923605,0.2,none,"SAFE: No pests detected. Environmental conditions: temp=25蚓, humidity=60%."
2026-05-18T10:53:44.237053,0,25.010193755797467,59.949057756566106,0.2,none,"SAFE: No pests detected. Environmental conditions: temp=25蚓, humidity=60%."
2026-05-18T10:53:49.235038,0,25.010921351374513,59.94541977862992,0.2,none,"SAFE: No pests detected. Environmental conditions: temp=25蚓, humidity=60%."
2026-05-18T10:53:54.242216,0,25.011649159976898,59.94178073556351,0.2,none,"SAFE: No pests detected. Environmental conditions: temp=25蚓, humidity=60%."
2026-05-18T10:53:59.240046,0,25.01237504477898,59.938151311495275,0.2,none,"SAFE: No pests detected. Environmental conditions: temp=25蚓, humidity=60%."
2026-05-18T10:54:04.320101,0,25.01310268882284,59.93451309121449,0.2,none,"SAFE: No pests detected. Environmental conditions: temp=25蚓, humidity=60%."
2026-05-18T10:54:09.259911,0,25.013831823817917,59.93086741617398,0.2,none,"SAFE: No pests detected. Environmental conditions: temp=25蚓, humidity=60%."
2026-05-18T10:54:14.259435,0,25.014558147312375,59.927235798633305,0.2,none,"SAFE: No pests detected. Environmental conditions: temp=25蚓, humidity=60%."
2026-05-18T10:54:19.241701,0,25.015284307506775,59.92360499758944,0.2,none,"SAFE: No pests detected. Environmental conditions: temp=25蚓, humidity=60%."
2026-05-18T10:54:24.253726,0,25.016012666328052,59.91996320340744,0.2,none,"SAFE: No pests detected. Environmental conditions: temp=25蚓, humidity=60%."
2026-05-18T10:54:29.242852,0,25.016739566557497,59.91632870218126,0.2,none,"SAFE: No pests detected. Environmental conditions: temp=25蚓, humidity=60%."
2026-05-18T10:54:34.250357,0,25.017467228609473,59.912690391838844,0.2,none,"SAFE: No pests detected. Environmental conditions: temp=25蚓, humidity=60%."
2026-05-18T10:54:39.255579,0,25.018195088563186,59.90905109198418,0.2,none,"SAFE: No pests detected. Environmental conditions: temp=25蚓, humidity=60%."
2026-05-18T10:54:44.250156,0,25.018920914325502,59.905421963083256,0.2,none,"SAFE: No pests detected. Environmental conditions: temp=25蚓, humidity=60%."
2026-05-18T10:54:49.256987,0,25.019649612489413,59.90177847217048,0.2,none,"SAFE: No pests detected. Environmental conditions: temp=25蚓, humidity=60%."
2026-05-18T10:54:54.257684,0,25.020377045259636,59.898141308222776,0.2,none,"SAFE: No pests detected. Environmental conditions: temp=25蚓, humidity=60%."
2026-05-18T10:54:59.275963,0,25.021106240341254,59.89449533271436,0.2,none,"SAFE: No pests detected. Environmental conditions: temp=25蚓, humidity=60%."
2026-05-18T10:55:04.257095,0,25.02183001778056,59.890876445414776,0.2,none,"SAFE: No pests detected. Environmental conditions: temp=25蚓, humidity=60%."
2026-05-18T10:55:09.355585,0,25.022559736999117,59.88722784921455,0.2,none,"SAFE: No pests detected. Environmental conditions: temp=25蚓, humidity=60%."
2026-05-18T10:55:14.265003,0,25.02328570496811,59.883598009259174,0.2,none,"SAFE: No pests detected. Environmental conditions: temp=25蚓, humidity=60%."
2026-05-18T10:55:19.269735,0,25.024012652011052,59.87996327393042,0.2,none,"SAFE: No pests detected. Environmental conditions: temp=25蚓, humidity=60%."
2026-05-18T10:55:24.259424,0,25.024739479862316,59.87632913455657,0.2,none,"SAFE: No pests detected. Environmental conditions: temp=25蚓, humidity=60%."
2026-05-18T10:55:29.260029,0,25.02546656422139,59.87269371264012,0.2,none,"SAFE: No pests detected. Environmental conditions: temp=25蚓, humidity=60%."
2026-05-18T10:55:34.260070,0,25.026194258242974,59.86905524240751,0.2,none,"SAFE: No pests detected. Environmental conditions: temp=25蚓, humidity=60%."
2026-05-18T10:55:39.271091,0,25.02692182965844,59.865417385201994,0.2,none,"SAFE: No pests detected. Environmental conditions: temp=25蚓, humidity=60%."
2026-05-18T10:55:44.565002,0,25.027649258470774,59.86178024100865,0.2,none,"SAFE: No pests detected. Environmental conditions: temp=25蚓, humidity=60%."
2026-05-18T11:05:20.042496,0,25.000060270232062,59.9997244587841,0.2,none,"SAFE: No pests detected. Environmental conditions: temp=25蚓, humidity=60%."
2026-05-18T11:05:24.722052,0,25.000740280916112,59.996325131315565,0.2,none,"SAFE: No pests detected. Environmental conditions: temp=25蚓, humidity=60%."
2026-05-18T11:05:29.724023,0,25.001465930763157,59.99269688207504,0.2,none,"SAFE: No pests detected. Environmental conditions: temp=25蚓, humidity=60%."
2026-05-18T11:05:34.761475,0,25.002192179939694,59.98906563618357,0.2,none,"SAFE: No pests detected. Environmental conditions: temp=25蚓, humidity=60%."
2026-05-18T11:05:39.714498,0,25.002921666607623,59.985418202831546,0.2,none,"SAFE: No pests detected. Environmental conditions: temp=25蚓, humidity=60%."
2026-05-18T11:05:44.736061,0,25.00364738923938,59.98178958965697,0.2,none,"SAFE: No pests detected. Environmental conditions: temp=25蚓, humidity=60%."
2026-05-18T11:05:49.714923,0,25.004375103588448,59.97815101789227,0.2,none,"SAFE: No pests detected. Environmental conditions: temp=25蚓, humidity=60%."
2026-05-18T11:05:54.719277,0,25.005102584922145,59.97451361120094,0.2,none,"SAFE: No pests detected. Environmental conditions: temp=25蚓, humidity=60%."
2026-05-18T11:05:59.708119,0,25.005829509509976,59.97087898823543,0.2,none,"SAFE: No pests detected. Environmental conditions: temp=25蚓, humidity=60%."
2026-05-18T11:06:04.715216,0,25.006556829747858,59.967242387016164,0.2,none,"SAFE: No pests detected. Environmental conditions: temp=25蚓, humidity=60%."
2026-05-18T11:06:09.708613,0,25.00728349089274,59.96360908125841,0.2,none,"SAFE: No pests detected. Environmental conditions: temp=25蚓, humidity=60%."
2026-05-18T11:06:19.313831,0,25.008011224029243,59.95997041553897,0.2,none,"SAFE: No pests detected. Environmental conditions: temp=25蚓, humidity=60%."
2026-05-18T11:06:19.720273,0,25.008739332168624,59.95632987480163,0.2,none,"SAFE: No pests detected. Environmental conditions: temp=25蚓, humidity=60%."
2026-05-18T11:06:24.730508,0,25.009467572722276,59.9526886719894,0.2,none,"SAFE: No pests detected. Environmental conditions: temp=25蚓, humidity=60%."
2026-05-18T11:06:29.730050,0,25.010195167218637,59.949050699460145,0.2,none,"SAFE: No pests detected. Environmental conditions: temp=25蚓, humidity=60%."
2026-05-18T11:06:34.778233,1,25.01092076063366,59.94542273233424,0.5,none,"SAFE: Low pest pressure (1 pests, PPI=0.50). Below economic threshold."
2026-05-18T11:06:39.726790,1,25.0116481306904,59.94178588199608,0.5,none,"SAFE: Low pest pressure (1 pests, PPI=0.50). Below economic threshold."
2026-05-18T11:06:44.795184,0,25.012376269461836,59.9381451880809,0.2,none,"SAFE: No pests detected. Environmental conditions: temp=25蚓, humidity=60%."
2026-05-18T11:06:49.728435,0,25.013103465699537,59.934509206830946,0.2,none,"SAFE: No pests detected. Environmental conditions: temp=25蚓, humidity=60%."
2026-05-18T11:06:54.744421,0,25.0138317964241,59.93086755314307,0.2,none,"SAFE: No pests detected. Environmental conditions: temp=25蚓, humidity=60%."
2026-05-18T11:06:59.727645,0,25.014557835058337,59.92723735990352,0.2,none,"SAFE: No pests detected. Environmental conditions: temp=25蚓, humidity=60%."
2026-05-18T11:07:04.727499,0,25.015284899175423,59.923602039246134,0.2,none,"SAFE: No pests detected. Environmental conditions: temp=25蚓, humidity=60%."
2026-05-18T11:07:09.730124,0,25.016011962243326,59.91996672383116,0.2,none,"SAFE: No pests detected. Environmental conditions: temp=25蚓, humidity=60%."
2026-05-18T11:07:14.742606,0,25.016739655499727,59.916328257470106,0.2,none,"SAFE: No pests detected. Environmental conditions: temp=25蚓, humidity=60%."
2026-05-18T11:07:19.736252,0,25.017467126768334,59.91269090104453,0.2,none,"SAFE: No pests detected. Environmental conditions: temp=25蚓, humidity=60%."
2026-05-18T11:07:24.745192,0,25.018194968032493,59.909051694637654,0.2,none,"SAFE: No pests detected. Environmental conditions: temp=25蚓, humidity=60%."
2026-05-18T11:07:29.801505,0,25.018922944546482,59.905411811978084,0.2,none,"SAFE: No pests detected. Environmental conditions: temp=25蚓, humidity=60%."
2026-05-18T11:07:34.755360,0,25.019651425187778,59.901769408678405,0.2,none,"SAFE: No pests detected. Environmental conditions: temp=25蚓, humidity=60%."
2026-05-18T11:07:39.748845,0,25.020376718068718,59.898142944177415,0.2,none,"SAFE: No pests detected. Environmental conditions: temp=25蚓, humidity=60%."
2026-05-18T11:07:44.807072,0,25.02110390549127,59.89450700696461,0.2,none,"SAFE: No pests detected. Environmental conditions: temp=25蚓, humidity=60%."
2026-05-18T11:07:49.741465,0,25.021829977384787,59.89087664739364,0.2,none,"SAFE: No pests detected. Environmental conditions: temp=25蚓, humidity=60%."
2026-05-18T11:07:54.769151,0,25.022562614033212,59.88721346404363,0.2,none,"SAFE: No pests detected. Environmental conditions: temp=25蚓, humidity=60%."
2026-05-18T11:07:59.773279,0,25.02328835206564,59.883584773771126,0.2,none,"SAFE: No pests detected. Environmental conditions: temp=25蚓, humidity=60%."
2026-05-18T11:08:04.763678,0,25.02401494576866,59.879951805142035,0.2,none,"SAFE: No pests detected. Environmental conditions: temp=25蚓, humidity=60%."
2026-05-18T11:08:09.775220,0,25.02474227405807,59.87631516357735,0.2,none,"SAFE: No pests detected. Environmental conditions: temp=25蚓, humidity=60%."
2026-05-18T11:08:14.767385,0,25.025469584442472,59.8726786115342,0.2,none,"SAFE: No pests detected. Environmental conditions: temp=25蚓, humidity=60%."
2026-05-18T11:08:19.773274,0,25.02619656486774,59.86904370928329,0.2,none,"SAFE: No pests detected. Environmental conditions: temp=25蚓, humidity=60%."
2026-05-18T11:08:24.836110,0,25.026925413848335,59.86539946425187,0.2,none,"SAFE: No pests detected. Environmental conditions: temp=25蚓, humidity=60%."
2026-05-18T11:08:29.783336,0,25.027652169774125,59.86176568449136,0.2,none,"SAFE: No pests detected. Environmental conditions: temp=25蚓, humidity=60%."
2026-05-18T11:08:35.070476,0,25.028378235729466,59.85813535457971,0.2,none,"SAFE: No pests detected. Environmental conditions: temp=25蚓, humidity=60%."
2026-05-18T11:08:39.845707,0,25.02910626195437,59.85449522331636,0.2,none,"SAFE: No pests detected. Environmental conditions: temp=25蚓, humidity=60%."
2026-05-18T11:08:44.761680,0,25.029831964233406,59.850866711779325,0.2,none,"SAFE: No pests detected. Environmental conditions: temp=25蚓, humidity=60%."
2026-05-18T11:08:49.768890,0,25.03055957262253,59.84722866968796,0.2,none,"SAFE: No pests detected. Environmental conditions: temp=25蚓, humidity=60%."
2026-05-18T11:08:54.774370,0,25.0312879394447,59.84358683542767,0.2,none,"SAFE: No pests detected. Environmental conditions: temp=25蚓, humidity=60%."
2026-05-18T11:08:59.772864,0,25.032014227233436,59.83995539633148,0.2,none,"SAFE: No pests detected. Environmental conditions: temp=25蚓, humidity=60%."
2026-05-18T11:09:04.776337,0,25.032742522774996,59.83631391846724,0.2,none,"SAFE: No pests detected. Environmental conditions: temp=25蚓, humidity=60%."
2026-05-18T13:28:37.325695,0,25.000063377840206,59.99970891952968,0.2,none,"SAFE: No pests detected. Environmental conditions: temp=25蚓, humidity=60%."
2026-05-18T13:28:42.244952,0,25.000780919191314,59.99612193993936,0.2,none,"SAFE: No pests detected. Environmental conditions: temp=25蚓, humidity=60%."
2026-05-18T13:28:47.237534,0,25.001507113139628,59.99249097019229,0.2,none,"SAFE: No pests detected. Environmental conditions: temp=25蚓, humidity=60%."
2026-05-18T13:28:52.248169,0,25.00223554047362,59.988848833513295,0.2,none,"SAFE: No pests detected. Environmental conditions: temp=25蚓, humidity=60%."
2026-05-18T13:28:57.249517,0,25.0029625966793,59.98521355247238,0.2,none,"SAFE: No pests detected. Environmental conditions: temp=25蚓, humidity=60%."
2026-05-18T13:29:02.245177,0,25.003688791961725,59.98158257604424,0.2,none,"SAFE: No pests detected. Environmental conditions: temp=25蚓, humidity=60%."
2026-05-18T13:29:07.243996,0,25.004416074072992,59.977946165468374,0.2,none,"SAFE: No pests detected. Environmental conditions: temp=25蚓, humidity=60%."
2026-05-18T13:29:18.929203,2,25.005145084497876,59.974301113320834,0.625,spray,WARNING: 2 pests detected (PPI=0.62). Approaching EIL. Prepare to spray.
2026-05-18T13:29:19.323987,0,25.00617186588007,59.96916720637134,0.2,none,"SAFE: No pests detected. Environmental conditions: temp=25蚓, humidity=60%."
2026-05-18T13:29:24.344552,0,25.00689862202316,59.96553342562439,0.2,none,"SAFE: No pests detected. Environmental conditions: temp=25蚓, humidity=60%."
2026-05-18T13:29:29.306442,0,25.007625303741577,59.96189929000878,0.2,none,"SAFE: No pests detected. Environmental conditions: temp=25蚓, humidity=60%."
2026-05-18T13:29:34.311421,0,25.008353270144447,59.9582601849444,0.2,none,"SAFE: No pests detected. Environmental conditions: temp=25蚓, humidity=60%."
2026-05-18T13:29:39.302577,0,25.009080051075358,59.95462628024783,0.2,none,"SAFE: No pests detected. Environmental conditions: temp=25蚓, humidity=60%."
2026-05-18T13:29:44.314345,1,25.009809365285573,59.950979709151056,0.5,none,"SAFE: Low pest pressure (1 pests, PPI=0.50). Below economic threshold."
2026-05-18T13:29:49.312676,0,25.010534278838847,59.94735514133579,0.2,none,"SAFE: No pests detected. Environmental conditions: temp=25蚓, humidity=60%."
2026-05-18T13:29:54.310769,0,25.011261181341066,59.94372062877216,0.2,none,"SAFE: No pests detected. Environmental conditions: temp=25蚓, humidity=60%."
2026-05-18T13:29:59.317077,0,25.011988901886472,59.94008202598902,0.2,none,"SAFE: No pests detected. Environmental conditions: temp=25蚓, humidity=60%."
2026-05-18T13:30:04.311018,0,25.012715704292585,59.9364480138989,0.2,none,"SAFE: No pests detected. Environmental conditions: temp=25蚓, humidity=60%."
2026-05-18T13:30:09.334916,0,25.013443900510847,59.93280703274443,0.2,none,"SAFE: No pests detected. Environmental conditions: temp=25蚓, humidity=60%."
2026-05-18T13:30:14.326677,0,25.014172009367233,59.9291664883958,0.2,none,"SAFE: No pests detected. Environmental conditions: temp=25蚓, humidity=60%."
2026-05-18T13:30:19.331556,0,25.01489795550147,59.92553675765463,0.2,none,"SAFE: No pests detected. Environmental conditions: temp=25蚓, humidity=60%."
2026-05-18T13:30:24.320485,0,25.015626158572868,59.921895742223924,0.2,none,"SAFE: No pests detected. Environmental conditions: temp=25蚓, humidity=60%."
2026-05-18T13:30:29.314028,0,25.016352711486064,59.91826297758088,0.2,none,"SAFE: No pests detected. Environmental conditions: temp=25蚓, humidity=60%."
2026-05-18T13:30:34.318080,0,25.017079995484593,59.9146265575076,0.2,none,"SAFE: No pests detected. Environmental conditions: temp=25蚓, humidity=60%."
2026-05-18T13:30:39.322083,0,25.01780826831017,59.91098519329545,0.2,none,"SAFE: No pests detected. Environmental conditions: temp=25蚓, humidity=60%."
2026-05-18T13:30:44.325528,0,25.018535391966076,59.90734957492827,0.2,none,"SAFE: No pests detected. Environmental conditions: temp=25蚓, humidity=60%."
2026-05-18T13:30:49.317161,0,25.019261661728695,59.903718226024125,0.2,none,"SAFE: No pests detected. Environmental conditions: temp=25蚓, humidity=60%."
2026-05-18T13:30:58.990185,0,25.01999129462739,59.90007006143568,0.2,none,"SAFE: No pests detected. Environmental conditions: temp=25蚓, humidity=60%."
2026-05-18T13:30:59.357977,0,25.02072031067244,59.89642498111196,0.2,none,"SAFE: No pests detected. Environmental conditions: temp=25蚓, humidity=60%."
2026-05-18T13:31:04.366654,0,25.02144864333738,59.89278331768541,0.2,none,"SAFE: No pests detected. Environmental conditions: temp=25蚓, humidity=60%."
2026-05-18T13:31:09.374885,0,25.02217310144694,59.88916102703279,0.2,none,"SAFE: No pests detected. Environmental conditions: temp=25蚓, humidity=60%."
2026-05-18T13:31:14.395407,0,25.022902478070588,59.8855141438055,0.2,none,"SAFE: No pests detected. Environmental conditions: temp=25蚓, humidity=60%."
2026-05-18T13:31:19.387450,0,25.023628203582977,59.88188551613156,0.2,none,"SAFE: No pests detected. Environmental conditions: temp=25蚓, humidity=60%."
2026-05-18T13:31:24.682575,1,25.0243559845778,59.87824661104162,0.5,none,"SAFE: Low pest pressure (1 pests, PPI=0.50). Below economic threshold."
2026-05-18T13:31:29.378074,0,25.025082686730453,59.87461310015917,0.2,none,"SAFE: No pests detected. Environmental conditions: temp=25蚓, humidity=60%."
2026-05-18T13:31:34.378307,0,25.025810157337407,59.87097574700161,0.2,none,"SAFE: No pests detected. Environmental conditions: temp=25蚓, humidity=60%."
2026-05-18T13:31:39.385105,1,25.026537150681055,59.86734078015713,0.5,none,"SAFE: Low pest pressure (1 pests, PPI=0.50). Below economic threshold."
2026-05-18T13:31:44.395490,1,25.027265683550066,59.863698115682055,0.5,none,"SAFE: Low pest pressure (1 pests, PPI=0.50). Below economic threshold."
2026-05-18T13:31:49.387140,1,25.02799178592271,59.86006760368577,0.5,none,"SAFE: Low pest pressure (1 pests, PPI=0.50). Below economic threshold."
2026-05-18T13:31:54.415084,0,25.02872159152726,59.85641857552572,0.2,none,"SAFE: No pests detected. Environmental conditions: temp=25蚓, humidity=60%."
2026-05-18T13:31:59.444910,0,25.02944884353918,59.85278231532581,0.2,none,"SAFE: No pests detected. Environmental conditions: temp=25蚓, humidity=60%."
2026-05-18T13:32:04.420260,0,25.030176016763615,59.849146449059795,0.2,none,"SAFE: No pests detected. Environmental conditions: temp=25蚓, humidity=60%."
2026-05-18T13:32:09.428185,0,25.03090415464109,59.8455057595249,0.2,none,"SAFE: No pests detected. Environmental conditions: temp=25蚓, humidity=60%."
2026-05-18T13:32:14.441783,0,25.031633178110283,59.8418606420277,0.2,none,"SAFE: No pests detected. Environmental conditions: temp=25蚓, humidity=60%."
2026-05-18T13:32:19.415258,0,25.03235795816765,59.83823674158701,0.2,none,"SAFE: No pests detected. Environmental conditions: temp=25蚓, humidity=60%."
2026-05-18T13:32:24.398728,0,25.033081590775776,59.834618578389296,0.2,none,"SAFE: No pests detected. Environmental conditions: temp=25蚓, humidity=60%."
2026-05-18T13:32:29.400348,0,25.03380901042536,59.83098147997997,0.2,none,"SAFE: No pests detected. Environmental conditions: temp=25蚓, humidity=60%."
